Year,Source,URL,Letters,Words,Sentences,Paragraphs
2010,jornada,https://www.jornada.com.mx/2010/08/02/mundo/020n1mun,4467,894,31,20
2010,cubadebate,http://www.cubadebate.cu/noticias/2010/05/02/evo-nacionalizo-la-generacion-electrica/,3561,709,31,10
2010,lostiempos,https://www.lostiempos.com/actualidad/economia/20100815/panificadores-incrementaran-pan-10-centavos-partir-este-lunes,991,216,5,6
2010,lostiempos,https://www.lostiempos.com/actualidad/nacional/20100607/autoridad-control-bosques-decomisa-lena-equivalente-mas-40-camiones,1137,242,9,8
2010,andina,https://andina.pe/agencia/noticia-con-primera-piedra-escuela-naval-boliviana-ilo-se-ha-pasado-las-palabras-a-los-hechos-326580.aspx,1278,269,8,7
2010,elmundo,https://www.elmundo.es/america/2010/12/09/noticias/1291932203.html,3364,701,21,18
2010,elmundo,https://www.elmundo.es/america/2010/01/03/noticias/1262553242.html,3083,618,22,17
2010,lostiempos,https://www.lostiempos.com/actualidad/local/20100314/pasorapa-ahora-es-reserva-natural,2540,495,8,6
2010,andina,https://andina.pe/agencia/noticia-medicos-dan-su-aprobacion-para-presidente-evo-morales-viaje-a-japon-331419.aspx,2767,571,16,14
2010,lostiempos,https://www.lostiempos.com/actualidad/economia/20100328/bolivia-paises-menor-chance-negocio,2598,515,15,10
2010,elmundo,https://www.elmundo.es/america/2010/04/26/noticias/1272318286.html,1151,224,7,7
2010,eju,https://eju.tv/2010/01/nueva-nomenclatura-estatal-comienza-a-usarse-en-bolivia/,8089,1522,56,35
2010,bbc,https://www.bbc.com/mundo/economia/2010/08/100809_2257_bolivia_contrabando_protestas_gz,2626,524,18,12
2010,lostiempos,https://www.lostiempos.com/actualidad/economia/20101010/bolivia-anuncian-creacion-empresa-boliviana-oro,1342,268,8,8
2010,lostiempos,https://www.lostiempos.com/actualidad/nacional/20101003/informe-revela-que-90-castigos-militares-pais-son-torturas,1987,406,13,13
2010,bbc,https://www.bbc.com/mundo/noticias/2010/10/101008_bolivia_evo_morales_ley_antirracismo_mr,2802,576,20,18
2010,eju,https://eju.tv/2010/02/evo-morales-lanzar-la-coca-colla-y-pone-en-riesgo-el-imperio-de-la-coca-cola/,1274,282,9,6
2010,eju,https://eju.tv/2010/12/evo-promulg-nueva-ley-educativa-dijo-que-el-maestro-es-el-soldado-de-la-liberacin-y-descolonizacin/,2109,409,16,14
2010,lostiempos,https://www.lostiempos.com/actualidad/nacional/20100712/familiares-despiden-victimas-tragedia-castelldefels,1748,375,20,15
2010,eju,https://eju.tv/2010/01/evo-aplaude-a-militares-y-denuncia-contubernio-policial-coronel-designado-comandante-causa-malestar-en-la-polica/,12716,2537,82,69
2010,eju,https://eju.tv/2010/10/unas-nueve-personas-se-cambian-la-edad-por-da-es-una-prctica-comn-en-bolivia/,6352,1294,43,28
2010,bbc,https://www.bbc.com/mundo/america_latina/2010/05/100524_1720_bolivia_che_captor_gz,2215,489,16,15
2010,eluniversal,https://www.eluniversal.com.co/mundo/2010/03/14/bolivia-declina-postularse-para-sede-de-miss-universo-2010/,1051,207,6,1
2010,bbc,https://www.bbc.com/mundo/america_latina/2010/02/100208_2315_bolivia_justicia_comunitaria_lf,2740,562,21,16
2010,lostiempos,https://www.lostiempos.com/actualidad/nacional/20101105/presidentes-bolivia-brasil-chile-se-reuniran-27-noviembre-santa-cruz,4251,848,27,23
2010,eju,https://eju.tv/2010/12/bolivia-mantiene-su-decision-de-firmar-acuerdo-marco-con-eeuu-pese-al-espionaje/,974,190,5,1
2010,eju,https://eju.tv/2010/04/elecciones-costas-y-percy-derrotan-al-mas/,10410,2241,74,46
2010,bbc,https://www.bbc.com/mundo/noticias/2010/12/101206_el_patrimonio_jesuita_en_bolivia,4590,923,47,36
2010,lostiempos,https://www.lostiempos.com/actualidad/cultura/20100705/bolivia-peru-advierten-que-musica-etnica-esta-peligro-extincion,1665,336,13,8
2010,bbc,https://www.bbc.com/mundo/america_latina/2010/05/100517_1613_bolivia_morales_corrupcion_ministra_salud_rb,1266,251,9,9
2010,eju,https://eju.tv/2010/02/electoral-evo-sigue-repartiendo-cheques-entreg-bs-14-millones-a-alcaldas-y-empresas/,3620,731,31,13
2010,lostiempos,https://www.lostiempos.com/actualidad/nacional/20100426/revisaran-situacion-pacho-cortes,1145,216,5,4
2011,elciudadano,https://www.elciudadano.com/justicia/%C2%BFafrodescendientes-en-bolivia/01/05/,3934,818,35,10
2011,opinion,https://www.opinion.com.bo/articulo/el-pais/reportan-ataque-piranas-guayaramerin-muere-pescador/20111206101300388030.html,697,158,4,4
2011,opinion,https://www.opinion.com.bo/articulo/ciencia-tecnolog-iacute/tercio-territorio-bolivia-criticamente-degradado/20110626194400366960.html,8534,1659,51,33
2011,lostiempos,https://www.lostiempos.com/actualidad/nacional/20110327/bolivia-podria-reclamar-soberania-6-islotes-del-pacifico-investigador,1969,401,10,8
2011,lostiempos,https://www.lostiempos.com/actualidad/economia/20110105/ine-inflacion-2010-bolivia-se-situa-718,1577,344,9,9
2011,lostiempos,https://www.lostiempos.com/deportes/multideportivo/20110605/bolivia-cae-paraguay-0-2-tahuichi,1856,405,13,15
2011,lostiempos,https://www.lostiempos.com/actualidad/local/20110206/centenarios-relatan-como-vieron-bolivia,5741,1279,54,15
2011,opinion,https://www.opinion.com.bo/articulo/el-pais/solo-40-ciento-area-rural-dispone-energia-electrica-bolivia/20110619205600366146.html,8606,1867,63,36
2011,opinion,https://www.opinion.com.bo/articulo/informe-especial/taxis-prestan-servicio-estar-registrados-como-transporte-publico/20111113195800660101.html,3182,682,23,23
2011,opinion,https://www.opinion.com.bo/articulo/economi%C2%ADa/ypfb-entregara-us-1163-millones-produccion/20110410210000395292.html,1037,187,5,5
2011,opinion,https://www.opinion.com.bo/articulo/conflicto-en-tipnis/conflicto-tipnis-puso-proceso-cambio-pared/20111023093800382485.html,2504,533,18,6
2011,eju,https://eju.tv/2011/10/el-nuevo-cdigo-minero-de-bolivia-elimina-la-concesin-y-la-reemplaza-por-contratos/,2275,423,11,12
2011,opinion,https://www.opinion.com.bo/articulo/informe-especial/bolivia-cambio-15-veces-billetes-119-anos-historia/20110911194500659733.html,4283,976,38,29
2011,bbc,https://www.bbc.com/mundo/noticias/2011/05/110508_bolivia_pin_bancos_mr,2471,523,16,14
2011,eju,https://eju.tv/2011/09/colonizadores-y-brasileos-invaden-parques-y-reservas-forestales-en-bolivia/,2529,492,18,14
2011,lostiempos,https://www.lostiempos.com/actualidad/nacional/20110522/primer-santo-boliviano-comenzo-proceso-beatificar-tito-yupanqui,2532,527,20,15
2011,lostiempos,https://www.lostiempos.com/actualidad/economia/20110227/japon-compraria-zinc-metalico-pero-no-le-interesa-instalar-fundiciones,2793,556,19,16
2011,opinion,https://www.opinion.com.bo/articulo/informe-especial/oruro-fiesta-mayor-folklore-boliviano/20110306195600660513.html,2574,542,22,18
2011,lostiempos,https://www.lostiempos.com/actualidad/economia/20111218/ende-preve-usar-red-brasil-llevar-energia-pando,2578,499,12,11
2011,opinion,https://www.opinion.com.bo/articulo/informe-especial/cochabamba-sufrio-grandes-crisis/20110220185100660383.html,2148,456,24,15
2011,opinion,https://www.opinion.com.bo/articulo/ramona/el-compadre-esta-vivo/20111120150900660171.html,4063,850,32,7
2011,eju,https://eju.tv/2011/01/un-gobierno-impopular/,1985,413,13,2
2011,opinion,https://www.opinion.com.bo/articulo/tendencias/%EF%BB%BF-bolivia-necesita-donantes/20110410192800660771.html,2222,442,13,17
2011,lostiempos,https://www.lostiempos.com/actualidad/economia/20110529/margarita-puede-producir-3-millones-mcd-gas,965,192,7,5
2011,opinion,https://www.opinion.com.bo/articulo/el-pais/minera-sinchi-wayra-estrenara-nueva-modalidad-contratos-estado/20111218132300389545.html,2067,431,19,10
2011,eju,https://eju.tv/2011/04/bolivia-busca-tener-tres-santos/,4551,944,49,19
2011,eju,https://eju.tv/2011/03/muere-jefe-militar-que-piloteaba-el-helicptero-del-presidente-morales/,2618,539,18,14
2011,lostiempos,https://www.lostiempos.com/actualidad/economia/20110911/tejidos-bolivia-llegan-europa,1856,377,15,11
2011,eluniversal,https://www.eluniversal.com.co/mundo/2011/11/21/bolivia-propone-ajustes-a-convenio-antidroga-con-brasil-y-eeuu/,1560,306,16,1
2011,bbc,https://www.bbc.com/mundo/noticias/2011/01/110116_previa_encuentro_cancilleres_bolivia_chile_lr,3814,788,29,21
2011,opinion,https://www.opinion.com.bo/articulo/informe-especial/escasea-oro-cochabamba-precio-joyas-sube/20110925184400659793.html,3040,676,26,22
2011,opinion,https://www.opinion.com.bo/articulo/ramona/la-estela-del-trio-apolo/20110904192100659686.html,4457,894,34,16
2011,opinion,https://www.opinion.com.bo/articulo/el-pais/estudio-advierte-bolivia-expuesto-terremoto-89-grados/20110508173800398088.html,3724,748,22,18
2012,ecuavisa,https://www.ecuavisa.com/mundo/el-che-casi-muere-en-el-lago-titicaca-en-1953-EVEC15503,1642,359,11,9
2012,eju,https://eju.tv/2012/09/en-bolivia-hay-seis-zonas-con-riesgo-de-actividades-ssmicas/,5906,1271,55,22
2012,lostiempos,https://www.lostiempos.com/actualidad/economia/20120826/bolivia-es-uno-peores-paises-hacer-negocios,1873,386,9,5
2012,lostiempos,https://www.lostiempos.com/actualidad/economia/20120701/bolivia-aun-no-tiene-plan-aprovechar-corredor-bioceanico,2449,450,12,11
2012,lostiempos,https://www.lostiempos.com/tendencias/bienestar/20120226/semana-del-salto-busca-frenar-extincion-ranas,2775,553,21,16
2012,opinion,https://www.opinion.com.bo/articulo/policial/cae-boliviano-antonio-roca-pez-gordo-narcotrafico-paraguay/20121111230200437745.html,1968,397,19,11
2012,eju,https://eju.tv/2012/04/malestar-en-brasil-por-la-anulacin-del-contrato-con-oas/,2283,475,15,3
2012,opinion,https://www.opinion.com.bo/articulo/informe-especial/observatorio-astronomico-afirma-21-solo-sera-dia-mas-largo-ano/20121216195300663313.html,4012,857,29,17
2012,eju,https://eju.tv/2012/11/bolivia-exportaciones-de-4-minerales-bajan-en-volumen-y-en-valor/,1940,445,12,10
2012,opinion,https://www.opinion.com.bo/articulo/mundo/47-bases-militares-extranjeras-america-latina/20120520210600417451.html,8111,1648,62,38
2012,opinion,https://www.opinion.com.bo/articulo/cochabamba/fiesta-urkupina-expresion-unidad-diversidad/20120819202800428908.html,955,179,7,3
2012,opinion,https://www.opinion.com.bo/articulo/el-pais/incluyen-clinicas-hospitales-responder-mala-praxis-medica/20120916214600431917.html,7894,1618,43,36
2012,eju,https://eju.tv/2012/09/bolivia-est-mejor-en-crditos-de-vivienda-que-pases-vecinos/,3275,678,25,14
2012,opinion,https://www.opinion.com.bo/articulo/tendencias/olimpiadas-bolivia-nunca-gano-medalla/20120722171200662518.html,6387,1336,46,36
2012,eju,https://eju.tv/2012/11/subvencin-carburantes-de-bolivia-entre-los-tres-ms-baratos/,3517,755,32,15
2012,opinion,https://www.opinion.com.bo/articulo/cochabamba/morales-anuncia-compra-2-helicopteros-fab/20120708225300423577.html,1759,353,15,13
2012,opinion,https://www.opinion.com.bo/articulo/el-pais/evo-morales-tuvo-encuentro-cercano-hombre-mas-alto-bolivia/20120715125700424351.html,3677,825,54,36
2012,opinion,https://www.opinion.com.bo/articulo/cultura/alistan-fiesta-cultural-celebrar-dia-patrimonio/20120930040500433345.html,2074,388,13,11
2012,eju,https://eju.tv/2012/05/bolivia-cuenta-con-el-internet-mas-lento-y-caro-de-la-regin/,2695,554,18,15
2012,eju,https://eju.tv/2012/05/en-bolivia-nmero-de-jubilados-con-fondo-solidario-crece-4-veces-en-1-ao/,4848,1011,32,19
2012,eju,https://eju.tv/2012/01/de-51-708-empresas-registradas-en-bolivia-slo-3-son-grandes/,6005,1242,49,25
2012,opinion,https://www.opinion.com.bo/articulo/el-pais/benjamin-bolivia-cumple-74-anos-vida-desafios/20120923215700432680.html,2601,559,25,13
2012,eju,https://eju.tv/2012/10/migracin-cree-que-pablo-cosso-sigue-en-bolivia/,1518,303,13,6
2012,opinion,https://www.opinion.com.bo/articulo/el-pais/bolivia-aguarda-pronta-respuesta-eeuu-extradicion-goni/20120304205800407052.html,2913,565,15,1
2012,eju,https://eju.tv/2012/07/empresa-china-desempolva-la-estatal-papelbol/,4351,871,22,18
2012,opinion,https://www.opinion.com.bo/articulo/tendencias/hallazgo-film-mudo-cambia-historia-nacional/20121223051900663364.html,5483,1137,41,33
2012,eju,https://eju.tv/2012/05/travestis-la-reconquista/,8313,1774,69,28
2012,opinion,https://www.opinion.com.bo/articulo/economi%C2%ADa/san-martin-porres-es-mas-grandes-bolivia/20121014212800434938.html,4084,836,51,31
2012,opinion,https://www.opinion.com.bo/articulo/informe-especial/anonymous-tambien-hizo-sentir-poder-bolivia/20120129194300661441.html,3942,785,27,20
2012,opinion,https://www.opinion.com.bo/articulo/economi%C2%ADa/jesus-nazareno-expande-oriente-valle-cochabambino/20120603212800419352.html,2759,576,24,19
2012,opinion,https://www.opinion.com.bo/articulo/informe-especial/inhibidores-anfetaminas-mercado-clandestino/20120916051200662820.html,4031,774,26,23
2012,opinion,https://www.opinion.com.bo/articulo/informe-especial/plagio-danzas-enfrento-bolivia-peru-chile/20120219062500661578.html,4146,870,24,20
2012,eju,https://eju.tv/2012/12/gobierno-boliviano-celebra-adhesin-a-mercosur-y-empresarios-mantienen-alerta/,3620,742,19,19
2013,eju,https://eju.tv/2013/05/oea-revela-que-cocana-sale-de-bolivia-por-cuatro-rutas/,4214,867,25,19
2013,opinion,https://www.opinion.com.bo/articulo/el-pais/nino-boliviano-mas-famoso-youtube-dice-asusto-tio/20131103204300452977.html,4265,972,47,19
2013,eju,https://eju.tv/2013/09/las-dos-a-eludir-el-ltimo-lugar/,4254,901,22,20
2013,eju,https://eju.tv/2013/02/un-general-de-la-fab-es-embajador-de-bolivia-en-la-repblica-argentina/,3260,628,18,13
2013,opinion,https://www.opinion.com.bo/articulo/cultura/maria-juana-adelanta-viaje-vina-disenar-coreografia/20130215203000462753.html,1673,341,14,11
2013,opinion,https://www.opinion.com.bo/articulo/el-pais/cocina-boliviana-sale-mundo-fusion/20130922214100448837.html,1158,239,6,5
2013,eju,https://eju.tv/2013/09/lucha-antidrogas-aplazo-de-eeuu-deteriora-imagen-de-bolivia/,3177,648,29,11
2013,opinion,https://www.opinion.com.bo/articulo/informe-especial/atlas-bolivia-permite-uso-eficiente-energia-solar/20130818005400663901.html,2788,560,23,19
2013,vanguardia,https://www.vanguardia.com/mundo/2013/05/12/bolivia-anuncia-que-usara-su-satelite-para-seguridad-y-defensa/,798,156,5,4
2013,opinion,https://www.opinion.com.bo/articulo/el-pais/bolivia-expone-mundo-vulnerabilidad-defensa-militar/20130727215500443860.html,9196,1780,62,53
2013,eju,https://eju.tv/2013/01/traficantes-de-armas-posaban-para-la-foto-con-fusiles-de-asalto/,3932,799,37,18
2013,eju,https://eju.tv/2013/07/la-paz-tiene-el-edificio-ms-alto-de-bolivia-y-tendr-el-mayor-complejo-inmobiliario-del-pas/,2405,521,22,12
2013,opinion,https://www.opinion.com.bo/articulo/economi%C2%ADa/bolivia-exporta-mas-paises-alianza-alba/20130623220900474890.html,3028,620,18,15
2013,eju,https://eju.tv/2013/03/en-bolivia-sentimiento-de-prdida-del-mar-en-el-oriente-es-distinto-al-de-occidente/,9586,2030,81,37
2013,eju,https://eju.tv/2013/12/la-prostitucin-masculina-da-la-cara-en-la-paz-y-se-organiza/,5937,1256,55,24
2013,eju,https://eju.tv/2013/08/en-bolivia-crece-el-nmero-de-prestatarios-de-la-banca/,4479,952,46,23
2013,opinion,https://www.opinion.com.bo/articulo/informe-especial/unico-modelo-supero-crisis-economica-bolivia/20131110024700664637.html,3035,619,24,23
2013,eju,https://eju.tv/2013/09/en-bolivia-los-escaos-crean-disputa-entre-regiones-y-entre-campo-y-ciudad/,7925,1547,69,34
2013,eju,https://eju.tv/2013/02/corrupcin-en-la-bolivia-de-evo/,1075,214,9,7
2013,eju,https://eju.tv/2013/03/en-bolivia-abunda-venta-ilegal-de-gasolina-en-zonas-rojas-del-narcotrfico/,8274,1746,67,36
2013,opinion,https://www.opinion.com.bo/articulo/el-pais/bolivia-comprara-credito-frances-helicopteros-super-puma/20130929221100449443.html,1093,221,5,5
2013,eju,https://eju.tv/2013/12/estudiantes-extranjeros-dejan-bolivia-por-paraguay/,8343,1700,70,22
2013,eju,https://eju.tv/2013/11/bonos-sociales-alcanzan-a-3-1-millones-de-beneficiarios-en-bolivia/,2546,509,21,5
2013,,23,5487,1116,31,20
2013,eju,https://eju.tv/2013/08/en-bolivia-estn-registradas-64-empresas-de-televisin-por-cable/,4502,931,37,20
2013,dw,https://www.dw.com/es/bolivia-evaluar%C3%A1-consumo-nacional-de-hoja-de-coca/a-16777719,1876,392,15,7
2013,eju,https://eju.tv/2013/12/trabajo-infantil-afecta-a-800-mil-menores-en-bolivia/,4926,1026,36,28
2013,opinion,https://www.opinion.com.bo/articulo/ciencia-tecnolog-iacute/avanza-bolivia-estudio-nuevo-farmaco-mal-chagas/20130421055000468909.html,3952,793,23,22
2013,eju,https://eju.tv/2013/01/el-53-de-municipios-de-bolivia-no-aprovecha-la-internet/,2632,539,22,9
2013,eju,https://eju.tv/2013/02/19-nacionalizadas-en-bolivia-costarn-al-estado-ms-de-us-1-147-millones/,5026,934,27,20
2013,eju,https://eju.tv/2013/09/defensores-de-bolivia-ecuador-venezuela-y-per-debatirn-temas-de-inters-regional-en-santa-cruz/,1550,306,6,6
2013,bbc,https://www.bbc.com/mundo/ultimas_noticias/2013/03/130303_ultnot_bolivia_denunciara_a_chile_bd,1183,238,6,6
2014,opinion,https://www.opinion.com.bo/articulo/ramona/literatura-boliviana-posible/20141116193000668206.html,13447,2763,94,29
2014,investiga,https://investiga.eldeber.com.bo/seccion/trataytrafico/antonio-vaca.html,2439,553,27,9
2014,eju,https://eju.tv/2014/12/veronica-larrieula-enemiga-de-la-mujer-crucena-es-la-mujer-crucena/,4658,1053,53,3
2014,bolivia,https://www.bolivia.com/futbol/torneo-clausura/2013-2014/sdi506/83435/bolivar-confirma-contratacion-de-xabier-azkargorta,1977,413,13,12
2014,boliviaemprende,https://boliviaemprende.com/noticias/fantasy-park-reune-mas-de-1-000-atracciones-en-nueve-niveles,2045,435,16,9
2014,la-razon,https://www.la-razon.com/politico/2014/01/26/relaciones-entre-bolivia-y-alemania/,5553,1058,35,12
2014,boliviaemprende,https://boliviaemprende.com/noticias/challapata-concentra-el-80-del-mercado-de-quinua,2478,495,16,11
2014,eju,https://eju.tv/2014/11/municipios-de-bolivia-encabezarn-la-pelea-por-el-pacto-fiscal/,2394,501,15,11
2014,eju,https://eju.tv/2014/06/cooperativistas-mineros-aliados-de-evo-rehyen-pago-de-millonaria-deuda-al-estado/,1741,372,10,7
2014,opinion,https://www.opinion.com.bo/articulo/cochabamba/pandilla-usa-facebook-crecer-cochabamba-mata-rivales/20140406211600485114.html,4943,1067,73,20
2014,boliviaemprende,https://boliviaemprende.com/noticias/unas-5-mil-familias-de-productores-se-asocian-como-estrategia-para-exportar,1799,358,13,8
2014,ultimahora,https://www.ultimahora.com/revelaran-hoy-el-informe-contaminacion-del-pilcomayo-n811790,2108,445,19,8
2014,es-us,https://es-us.noticias.yahoo.com/militares-bolivia-pausa-protestas-urgen-cita-morales-000842328.html,2920,586,20,7
2014,la-razon,https://www.la-razon.com/politico/2014/01/12/zulma-yugar-parraga-alistando-su-segundo-libro-2/,2665,564,25,11
2014,eju,https://eju.tv/2014/02/suben-a-33-700-las-familias-afectadas-por-lluvias-y-riadas-en-bolivia/,1736,363,12,11
2014,la-razon,https://www.la-razon.com/politico/2014/03/02/la-historia-de-la-guerra-del-pacifico-plagada-de-mitos/,10565,2267,87,39
2014,la-razon,https://www.la-razon.com/lr-article/en-bolivia-el-negocio-de-la-belleza-crece-y-mueve-sumas-millonarias/,4282,918,39,18
2014,boliviaemprende,https://boliviaemprende.com/noticias/dan-curso-proyecto-para-potenciar-la-ganaderia-en-la-chiquitania,3578,718,21,16
2014,pub,https://www.pub.eldiario.net/noticias/2014/2014_02/nt140216/laguia.php?n=18&-las-mas-lindas-de-la-tv-son,3888,907,45,10
2014,eju,https://eju.tv/2014/07/en-bolivia-se-construyen-16-dobles-vas-con-una-inversin-de-us-1-850-mm/,6253,1206,44,29
2014,boliviaemprende,https://boliviaemprende.com/eventos/el-80-de-las-pymes-de-bolivia-participaran-en-la-expocruz,1499,288,9,8
2014,eju,https://eju.tv/2014/01/el-robo-de-ganado-hace-estragos-en-bolivia/,4077,893,34,16
2014,eju,https://eju.tv/2014/01/restaurantes-y-sper-generaron-us-765-millones-en-bolivia/,7488,1515,56,31
2014,eju,https://eju.tv/2014/06/nuevo-cdigo-de-comercio-de-Bolivia-prev-reconocer-solo-3-tipos-de-sociedad/,7294,1371,47,32
2014,la-razon,https://www.la-razon.com/politico/2014/11/09/bolivia-es-un-pais-enclaustrado-no-mediterraneo/,10918,2276,55,30
2014,eju,https://eju.tv/2014/07/ministro-arce-bolivia-mantiene-un-crecimiento-fuerte-que-garantiza-el-pago-del-segundo-aguinaldo-este-ao/,1836,382,7,7
2014,opinion,https://www.opinion.com.bo/articulo/deportes/fbf-prescinde-nestor-clausen-coordinador/20141228194600509012.html,638,135,4,4
2014,eju,https://eju.tv/2014/12/bolivia-inunda-brasil-de-cocaina/,1290,261,10,1
2014,eju,https://eju.tv/2014/09/burlan-la-ley-en-los-yungas-revenden-gasolina-para-autos-chutos-hasta-en-bs-10/,10791,2259,88,38
2014,eju,https://eju.tv/2014/04/informe-del-pen-bolivia-sobre-la-libertad-de-expresin/,8768,1697,62,24
2014,eju,https://eju.tv/2014/05/disputas-evitan-la-legislacin-en-el-87-de-los-municipios-de-bolivia/,4302,847,42,16
2014,boliviaemprende,https://boliviaemprende.com/noticias/aniversario-de-chuquisaca-abre-con-hallazgos-de-potencial-hidrocarburifero-obras,2587,503,18,12
2015,eju,https://eju.tv/2015/03/un-proceso-que-consolida-liderazgos-en-bolivia/,2451,501,20,11
2015,pub,https://www.pub.eldiario.net/noticias/2015/2015_01/nt150118/sociedad.php?n=75&-centro-de-rehabilitacion-atiene-a-mas-de-300-personas-por-dia,2258,436,13,10
2015,la-razon,https://www.la-razon.com/tendencias/2015/10/11/pelea-por-wara/,3702,805,30,9
2015,eju,https://eju.tv/2015/03/46-de-la-poblacin-en-bolivia-ya-tiene-acceso-a-internet/,5038,1059,41,24
2015,eju,https://eju.tv/2015/06/a-80-aos-de-cese-de-la-guerra-del-chaco-evo-atribuye-contienda-con-paraguay-a-petroleras-y-no-a-pueblos/,1560,332,11,8
2015,pub,https://www.pub.eldiario.net/noticias/2015/2015_05/nt150510/cultural.php?n=60&-mana-desempolvo-sus-clasicos-en-las-vegas,2767,611,14,15
2015,late,https://www.late.com.bo/pando-sera-la-sede-de-las-finales-de-ajedrez/,1641,366,10,8
2015,ibce,https://ibce.org.bo/principales-noticias-bolivia/noticias-nacionales-detalle.php?id=59074,3690,841,16,9
2015,eju,https://eju.tv/2015/07/se-abren-cinco-frentes-de-conflicto-en-bolivia/,7800,1558,62,27
2015,eju,https://eju.tv/2015/08/logfire-trae-al-pais-software-para-manejo-de-inventarios/,836,164,5,3
2015,eabolivia,https://www.eabolivia.com/el-alto-noticias/23779-miss-upea-2015-es-noemi-jacqueline-velasquez.html,1436,297,12,9
2015,boliviaemprende,https://boliviaemprende.com/noticias/de-acuerdo-al-ranking-camel-el-bnb-es-el-mejor-banco,1405,271,6,5
2015,elnuevoherald,https://www.elnuevoherald.com/noticias/america-latina/article5403627.html,2595,504,17,10
2015,diarioenfermero,https://diarioenfermero.es/epm-realiza-formacion-de-medicos-tradicionales-indigenas-en-bolivia/,2877,556,14,9
2015,andina,https://andina.pe/agencia/noticia-el-papa-francisco-masticara-coca-su-visita-a-bolivia-562946.aspx,1665,373,14,9
2015,eju,https://eju.tv/2015/06/brotan-2-nuevas-zonas-de-contrabando-en-frontera-bolivia-argentina/,3947,833,33,16
2015,bbc,https://www.bbc.com/mundo/noticias/2015/12/151205_millonario_escandalo_corrupcion_partido_evo_morales_bm,4256,833,31,28
2015,es-us,https://es-us.noticias.yahoo.com/asesor-presidencial-peruano-detenido-bolivia-fuga-polic%C3%ADa-interpol-170702987.html,1098,225,7,6
2015,eju,https://eju.tv/2015/07/al-menos-23-pginas-web-del-estado-boliviano-fueron-hackeadas-en-6-meses/,5582,1108,53,25
2015,opinion,https://www.opinion.com.bo/articulo/cochabamba/reconstruyen-carretera-antigua-santa-cruz-bs-1000-millones/20150412195600518305.html,3667,741,24,20
2015,eju,https://eju.tv/2015/02/acuerdo-del-mercosur-afecta-la-exportacin-boliviana-de-soya/,4032,842,28,16
2015,la-razon,https://www.la-razon.com/financiero/2015/11/08/el-emprendimiento-boliviano-destaca-pero-muestra-fragilidad/,3976,786,19,14
2015,elnuevoherald,https://www.elnuevoherald.com/noticias/america-latina/article29801089.html,1909,394,12,11
2015,pub,https://www.pub.eldiario.net/noticias/2015/2015_10/nt151004/cultural.php?n=85&-tiwanaku-una-reliquia-abandonada,4499,937,31,16
2015,eju,https://eju.tv/2015/11/aumenta-precio-la-papa-pollo-tomate-la-arveja-mercados-la-paz/,1994,505,20,12
2015,eju,https://eju.tv/2015/07/morelia-herrera-barja-si-ganase-el-miss-bolivia-organizaria-conciertos/,3959,866,49,1
2015,lanacion,https://www.lanacion.com.ar/otros/la-paz-una-ciudad-a-la-altura-nid01022015/,6066,1306,50,15
2015,la-razon,https://www.la-razon.com/voces/2015/06/07/25-anos-de-la-razon/,2321,465,12,6
2015,opinion,https://www.opinion.com.bo/articulo/informe-especial/prueba-vih-es-gratuita-dura-15-minutos-centros-p-uacute-blicos/20150308191300669011.html#google_vignette,4051,881,46,28
2015,pub,https://www.pub.eldiario.net/noticias/2015/2015_05/nt150517/nacional.php?n=41&-plagas-afectan-cultivos-de-chirimoya-en-lloja,1093,220,9,5
2015,ibce,https://ibce.org.bo/principales-noticias-bolivia/noticias-nacionales-detalle.php?id=52934,3935,775,28,25
2015,late,https://www.late.com.bo/el-retorno-de-lampe-es-la-mejor-noticia-para-san-jose/,826,170,7,6
2016,eju,https://eju.tv/2016/03/caso-zapata-abogado-evo-morales-dice-hijo-materialmente-no-existe/,1914,409,14,1
2016,lostiempos,https://www.lostiempos.com/actualidad/nacional/20160925/hogar-ancianos-recibe-distincion-simbolos-patrios,1356,288,10,8
2016,eju,https://eju.tv/2016/01/los-oficialistas-les-veo-preocupados-alterados-nerviosos-dice-reyes-villa-desde-exilio/,2526,495,10,1
2016,mediaticadigital,https://www.mediaticadigital.com.ar/nota/14855-preocupante-de-casi-500-policias-solo-163-aprueban-test-psicologico/,1194,260,13,7
2016,eju,https://eju.tv/2016/08/gracias-santa-cruz-cobijar-fuerzas-armadas-comandante-gonzalo-duran/,1071,221,6,1
2016,pub,https://www.pub.eldiario.net/noticias/2016/2016_04/nt160403/principal.php?n=90&-santa-cruz-eligio-a-sus-soberanas,445,90,3,2
2016,pub,https://www.pub.eldiario.net/noticias/2016/2016_09/nt160904/nacional.php?n=36&-movilizacion-por-conservacion-de-patrimonio-natural-en-santa-cruz,2459,490,11,7
2016,la-razon,https://www.la-razon.com/economia/2016/02/14/otras-entidades-se-disolvieron-voluntariamente-2/,1704,344,15,9
2016,pub,https://www.pub.eldiario.net/noticias/2016/2016_05/nt160522/nacional.php?n=47&-ejecutivo-inicio-investigacion-de-la-fiesta-del-gran-poder,2573,503,17,8
2016,opinion,https://www.opinion.com.bo/articulo/informe-especial/bolivianos-empleo-viven-asistencia-argentina-espa-ntilde/20160306194600672637.html,7938,1587,68,50
2016,opinion,https://www.opinion.com.bo/articulo/tendencias/bolivia-triunfa-anticr-eacute-tico-pasanaku/20161023191500671651.html,3624,760,35,23
2016,eju,https://eju.tv/2016/09/quemas-ilegales-ahogan-al-bosque-en-santa-cruz-mientras-las-autoridades-se-miran/,7070,1501,67,1
2016,pub,https://www.pub.eldiario.net/noticias/2016/2016_02/nt160228/nacional.php?n=45&-de-364-rios-tres-amenazan-la-paz,2400,474,16,11
2016,cubanet,https://www.cubanet.org/una-calamidad-llamada-evo/,3281,695,49,13
2016,eju,https://eju.tv/2016/03/39-aserraderos-cerrado-estan-paralizados-santa-cruz/,2796,578,18,11
2016,pub,https://www.pub.eldiario.net/noticias/2016/2016_04/nt160410/principal.php?n=90&-mas-risas-locuras-y-diversion-en-bigote,413,86,3,3
2016,eju,https://eju.tv/2016/12/santa-cruz-tiene-medio-millon-de-migrantes/,6154,1277,43,1
2016,pub,https://www.pub.eldiario.net/noticias/2016/2016_07/nt160703/nacional.php?n=61&-9-de-10-ninios-adolecen-de-caries-dental-en-la-ciudad,2263,482,16,10
2016,urgente,https://www.urgente.bo/noticia/lavadores-de-d%C3%B3lares-son-100-bolivianos-los-reciben-en-sus-cuentas,2982,613,19,15
2016,opinion,https://www.opinion.com.bo/articulo/ramona/combate-marcelo-quiroga-santa-cruz/20160313173800672678.html,8543,1877,69,13
2016,opinion,https://www.opinion.com.bo/articulo/informe-especial/adultos-mayores-colonia-sienten-como-hogar/20160710192100673601.html,3094,644,27,20
2016,eju,https://eju.tv/2016/02/por-vez-primera-los-bolivianos-votan-por-reformar-la-cpe/,4048,810,29,12
2016,noticias,https://noticias.unitel.bo/hemeroteca/presidente-morales-felicita-al-vice-y-su-esposa-por-embarazo-via-twitter-JBUN13847,905,201,14,6
2016,opinion,https://www.opinion.com.bo/articulo/informe-especial/jampiri-usa-naturaleza-devolver-equilibrio-persona/20161127191400671892.html,4055,825,46,31
2016,eju,https://eju.tv/2016/05/prestatarios-ahorristas-exmutual-la-paz-haran-operaciones-mercantil-santa-cruz/,1072,223,10,4
2016,eju,https://eju.tv/2016/11/preocupacion-por-la-deforestacion-en-el-urubo/,4347,935,31,14
2016,opinion,https://www.opinion.com.bo/articulo/informe-especial/transporte-circula-mal-estado/20160117160900672268.html,685,137,6,5
2016,elperiodico-digital,https://www.elperiodico-digital.com/2016/12/04/salamanca-es-tomado-preso-y-es-obligado-a-renunciar/,3086,595,23,9
2016,elperiodico-digital,https://www.elperiodico-digital.com/2016/08/28/cual-es-la-cerveza-mas-consumida-en-tarija/,3393,751,23,14
2016,eju,https://eju.tv/2016/05/jazmin-duran-chochea-con-su-primogenito/,991,243,9,5
2016,eju,https://eju.tv/2016/02/fondo-protege-al-ahorrista-bolivia-ya-acumulo-la-suma-us-530-mm/,4928,1003,34,19
2016,opinion,https://www.opinion.com.bo/articulo/informe-especial/maestros-sienten-discriminados-recibir-t-iacute-tulos-diferenciados/20160131062600672375.html,3203,639,26,22
2017,urgente,https://www.urgente.bo/noticia/en-bolivia-hay-al-menos-3-millones-de-perros-y-en-la-paz-se-espera-vacunar-700-mil,1890,393,13,10
2017,opinion,https://www.opinion.com.bo/articulo/informe-especial/atenci-oacute-n-salud-olvido-carencias/20170618184100675184.html,3862,755,34,15
2017,urgente,https://www.urgente.bo/noticia/entre-lo-normado-y-lo-practicado-pago-indebido-de-tributos-aduaneros,7935,1612,57,16
2017,eabolivia,https://www.eabolivia.com/social/6059-cesar-cocarico-acelerara-construccion-de-puente-sobre-estrecho-de-tiquina.html,1683,343,10,7
2017,reduno,https://www.reduno.com.bo/nota/2017-11-26-21-0-0-hombre-se-duerme-en-las-rieles-del-tren-y-muere-arrollado,737,164,7,4
2017,reduno,https://www.reduno.com.bo/nota/2017-12-24-21-0-0-cinco-presentadores-de-la-red-uno-se-prueban-para-el-factor-x,559,125,6,4
2017,ibce,https://ibce.org.bo/principales-noticias-bolivia/noticias-nacionales-detalle.php?id=77992&,5580,1155,44,21
2017,elperiodico-digital,https://www.elperiodico-digital.com/2017/10/22/espera-la-construccion-de-un-nuevo-mercado-campesino/,1182,224,6,6
2017,reduno,https://www.reduno.com.bo/nota/2017-6-11-21-0-0-voluntario-del-sar-murio-en-una-practica,569,124,4,3
2017,eju,https://eju.tv/2017/04/detectan-7-ingenieros-chinos-de-la-firma-sinohydro-que-trabajan-sin-aval-legal-en-bolivia/,1597,312,12,1
2017,reduno,https://www.reduno.com.bo/noticias/2017-8-27-21-0-0-murio-ahorcado-hace-5-dias-y-su-familia-no-tiene-recursos-para-sepultarlo,363,78,5,3
2017,eabolivia,https://www.eabolivia.com/futbol/25151-bolivar-se-corona-bicampeon-del-futbol-boliviano.html,1013,220,7,6
2017,elperiodico-digital,https://www.elperiodico-digital.com/2017/02/26/la-heroica-defensa-de-villa-montes-en-la-guerra-del-chaco/,5369,1096,37,10
2017,ibce,https://ibce.org.bo/noticias-detalle.php?idNot=550,1653,321,9,5
2017,opinion,https://www.opinion.com.bo/articulo/tendencias/ximena-aacute-rez-sobreviviente-lamia-cierra-heridas/20171015194900676039.html,3164,672,29,16
2017,eju,https://eju.tv/2017/09/tezanos-teme-por-la-vida-del-dirigente-modesto-clares-de-los-ponchos-rojos/,1602,341,9,7
2017,jesuitas,https://www.jesuitas.org.bo/noticias/bolivia-y-la-venerable-virginia-blanco-tardio,3344,743,39,7
2017,eju,https://eju.tv/2017/04/canciller-chileno-dice-que-sospechaba-provocacion-de-bolivia/,1120,225,7,4
2017,eju,https://eju.tv/2017/01/ffaa-de-bolivia-abren-sus-puertas-para-el-servicio-militar-primer-escalon-2017/,1538,287,11,1
2017,eju,https://eju.tv/2017/02/hablemos-de-hidrocarburos/,2196,480,10,1
2017,opinion,https://www.opinion.com.bo/articulo/informe-especial/emsa-recoge-cada-d-iacute-5-toneladas-alimentos-mercados-restaurantes/20170903170800675740.html,11239,2332,79,71
2017,reduno,https://www.reduno.com.bo/noticias/2017-9-10-21-0-0-solo-mejores-estudiantes-pueden-inscribirse-al-servicio-premilitar,850,172,7,3
2017,reduno,https://www.reduno.com.bo/nota/2017-7-30-21-0-0-10-recomendaciones-importantes-para-hacer-una-quema-controlada,1687,339,14,4
2017,eju,https://eju.tv/2017/02/mantener-el-museo-de-orinoca-costara-medio-millon-de-bolivianos/,1164,248,10,7
2017,opinion,https://www.opinion.com.bo/articulo/informe-especial/bolivia-tiene-23-100-madurez-tecnol-oacute-gica-est-aacute-lista-bitcoin/20170604183600675085.html,3433,703,34,16
2017,elpotosi,https://elpotosi.net/local/20170514_colegio-medico-ratifica-paro-de-48-horas-para-el-17-y-18-de-mayo.html,1071,223,6,5
2017,eju,https://eju.tv/2017/11/armada-boliviana-celebra-sus-191-anos-en-el-titicaca/,1921,389,13,11
2017,eju,https://eju.tv/2017/01/que-cargo-podria-ocupar-hillary-clinton-tras-perder-las-presidenciales-de-ee-uu/,686,137,6,3
2017,opinion,https://www.opinion.com.bo/articulo/ciencia-tecnolog-iacute/vestido-cambia-color-humor/20170305200100572776.html,2010,448,22,11
2017,ibce,https://ibce.org.bo/principales-noticias-bolivia/noticias-nacionales-detalle.php?id=79494,3698,770,27,23
2017,eju,https://eju.tv/2017/05/la-cocaina-peruana-entra-a-bolivia-con-dos-sellos/,2980,660,28,10
2017,reduno,https://www.reduno.com.bo/noticias/2017-12-17-21-0-0-juga2-celebro-el-cumpleanos-a-carlos-rocabado,1211,265,10,7
2018,opinion,https://www.opinion.com.bo/articulo/informe-especial/venezolanos-ingresan-bolivia-como-turistas-tienen-prohibido-trabajar/20180325105300677176.html,3735,745,27,16
2018,opinion,https://www.opinion.com.bo/articulo/cochabamba/80-f-aacute-rmacos-fueron-retirados-mercado-ntilde/20180204204800603779.html,3687,716,39,22
2018,eju,https://eju.tv/2018/04/techo-e-paja-dice-que-prefiere-olvidar-el-pasado-y-que-no-le-gustan-los-lujos/,1594,347,16,6
2018,eju,https://eju.tv/2018/12/virupaya-la-localidad-creada-por-las-mafias/,1835,363,17,5
2018,opinion,https://www.opinion.com.bo/articulo/el-pais/sinohydro-confirma-robo-dens-iacute-metro-nuclear-da-detalles-aparato/20180722080300620623.html,1084,222,8,5
2018,opinion,https://www.opinion.com.bo/articulo/cochabamba/%EF%BB%BFveh-iacute-culos-antes-1990-usan-repuestos-adaptados-garant-iacute/20180902200500624988.html,3275,703,31,20
2018,reduno,https://www.reduno.com.bo/noticias/2018-2-11-21-0-0-mas-de-un-centenar-de-emojis-llegaran-a-whatsapp,840,169,11,5
2018,opinion,https://www.opinion.com.bo/articulo/ramona/ldquo-grotesca-parodia-rdquo-educaci-oacute-n-boliviana/20180826173800678188.html,4363,889,41,11
2018,opinion,https://www.opinion.com.bo/articulo/el-pais/morales-entrega-coliseo-cerrado-colegio-militar-ej-eacute-rcito/20180218060800604873.html,969,190,7,6
2018,eju,https://eju.tv/2018/04/real-esta-cero-deudas-ahora-no-debe-nada/,3213,748,32,11
2018,eju,https://eju.tv/2018/10/bolivia-gana-medalla-de-bronce-en-olimpiada-de-astronomia/,2247,429,15,1
2018,eju,https://eju.tv/2018/10/rodriguez-veltze-asegura-que-se-dara-cuenta-de-los-costos-que-significo-el-juicio-ante-la-haya/,808,177,7,4
2018,urgente,https://www.urgente.bo/noticia/escolares-de-tarija-potos%C3%AD-oruro-y-la-paz-retornan-clases-este-lunes-25,799,166,5,4
2018,urgente,https://www.urgente.bo/noticia/victoria-l%C3%B3pez-lo-que-garc%C3%ADa-mesa-me-debe-es-no-poder-haber-sido-ser-mam%C3%A1,2065,437,14,7
2018,elpais,https://elpais.bo/tarija/20180401_los-violines-y-el-zapateo-acompanan-la-pascua-florida.html,5611,1218,50,24
2018,la-epoca,https://www.la-epoca.com.bo/2018/07/01/bolivia-impulsa-la-produccion-de-alimentos-ecologicos/,1494,286,9,8
2018,reduno,https://www.reduno.com.bo/noticias/2018-7-8-0-0-0--gabriela-zegarra-obsesionada-con-instagram,995,209,10,6
2018,reduno,https://www.reduno.com.bo/nota/joven-secuestrado-fue-victimado-con-disparos-en-la-cabeza-por-delincuentes-brasilenos-20181216161627,1989,422,13,7
2018,opinion,https://www.opinion.com.bo/articulo/informe-especial/alba-ntilde-iles-exigen-rituales-cada-construcci-oacute-n/20181125181500678806.html,4276,912,47,23
2018,eju,https://eju.tv/2018/01/dockweiler-revela-que-eeuu-solicito-ayuda-a-bolivia-para-implementacion-de-teleferico-en-miami/,1595,335,8,7
2018,opinion,https://www.opinion.com.bo/articulo/informe-especial/departamentos-pa-iacute-s-violencia-familiar-crece/20180415182600677331.html,3160,697,27,19
2018,urgente,https://www.urgente.bo/noticia/incendio-en-pastizales-de-viru-viru-alerta-bomberos-de-santa-cruz,868,181,6,6
2018,elpais,https://elpais.bo/economia/20181104_rentismo-en-bolivia-disminuye-el-bienestar-y-la-produccion.html,4325,821,20,16
2018,eju,https://eju.tv/2018/10/us-33-mil-millones-de-perdida-en-10-anos-por-enclaustramiento/,3865,752,29,2
2018,urgente,https://www.urgente.bo/noticia/interceptan-avioneta-con-droga-en-brasil-donde-iba-bordo-supuesto-militar-boliviano,960,190,7,6
2018,eju,https://eju.tv/2018/03/personajes-clave-en-la-demanda-de-bolivia-contra-chile/,2879,524,20,2
2018,eabolivia,https://www.eabolivia.com/blogs/25470-portabilidad-numerica-en-bolivia-rige-desde-el-lunes.html,1109,227,5,5
2018,eju,https://eju.tv/2018/01/indignacion-en-cochabamba-pandillero-que-quemo-vivo-a-un-adolescente-recibe-leve-condena/,2167,487,31,3
2018,reduno,https://www.reduno.com.bo/nota/2018-10-14-21-0-0-periodista-argentino-llama-perro-a-lampe-y-rompe-su-camiseta-de-bolivia,1540,324,10,7
2018,opinion,https://www.opinion.com.bo/articulo/informe-especial/12-aciertos-errores-gobierno-morales/20180121185400676709.html,5058,1046,43,27
2018,reduno,https://www.reduno.com.bo/nota/2018-9-9-21-0-0-en-cochabamba-escenifican-revuelta-del-14-de-septiembre-de-1810,726,143,5,3
2018,urgente,https://www.urgente.bo/noticia/jefe-militar-iran%C3%AD-comandante-de-ffaa-tenemos-una-alta-estima-bolivia-por-su,1130,247,6,6
2019,eju,https://eju.tv/2019/10/en-bolivia-evo-morales-no-gano-en-primera-vuelta/,3980,849,32,4
2019,la-epoca,https://www.la-epoca.com.bo/2019/03/24/morales-ratifica-plan-para-fortalecer-el-desarrollo-de-bolivia-con-13-puntos-de-la-agenda-del-bicentenario/,8730,1625,39,31
2019,erbol,https://erbol.com.bo/nacional/iglesia-pide-orar-por-los-bolivianos-migrantes-y-acoger-venezolanos,1679,358,8,7
2019,larepublica,https://www.larepublica.co/globoeconomia/evo-morales-a-la-espera-de-resultados-electorales-para-su-cuarto-mandato-en-bolivia-2922941,1099,226,7,6
2019,clarin,https://www.clarin.com/mundo/tension-bolivia-evo-morales-denuncio-oposicion-quiere-muertos-calles-pedir-apoyo-militares_0_zpb3Rt55.html,3951,798,28,22
2019,france24,https://www.france24.com/es/20191117-bolivia-onu-alerta-sobre-posible-uso-desproporcionado-de-la-fuerza,2918,575,24,9
2019,eju,https://eju.tv/2019/02/en-bolivia-tasa-de-desocupacion-baja-pero-con-alta-informalidad/,1445,299,9,7
2019,opinion,https://www.opinion.com.bo/articulo/el-pais/abc-alerta-cierre-v-iacute-carretera-antigua-cochabamba-santa-cruz/20190512160600649269.html,1090,235,22,5
2019,gestion,https://gestion.pe/mundo/bolivia-apuesta-innovar-gastronomia-carne-llama-259803-noticia/,2893,590,19,19
2019,france24,https://www.france24.com/es/20190519-bolivia-evo-morales-reeleccion-votaciones,2855,552,21,14
2019,lasexta,https://www.lasexta.com/noticias/sociedad/cinco-detenidos-violacion-grupal-bolivia-difundida-redes-sociales-espana_201903105c84dbd40cf2f61c937f84ca.html,1918,405,12,12
2019,clarin,https://www.clarin.com/mundo/bolivia-declaran-desastre-incendio-460-000-hectareas_0_TquvWsqhu.html,3240,661,22,20
2019,france24,https://www.france24.com/es/20191215-presidenta-interina-de-bolivia-jeanine-a%C3%B1ez-emitir%C3%A1-orden-de-arresto-contra-evo-morales-1,1685,339,11,8
2019,escambray,https://www.escambray.cu/2019/evo-en-bolivia-no-hay-problemas-estructurales/,3569,691,29,20
2019,france24,https://www.france24.com/es/20191222-evo-morales-convoca-a-su-partido-en-argentina-para-elegir-candidato-a-las-elecciones,3341,701,27,14
2019,rtve,https://www.rtve.es/noticias/20190113/detienen-bolivia-italiano-exactivista-comunista-cesare-battisti-condenado-por-terrorismo/1868420.shtml,2370,472,17,12
2019,minsalud,https://www.minsalud.gob.bo/3638-gobierno-garantiza-financiamiento,3197,641,22,12
2019,infobae,https://www.infobae.com/america/opinion/2019/09/15/bolivia-dos-y-medio-millones-de-hectareas-devastadas-y-el-ecocidio-continua/,3620,690,20,8
2019,vozdeamerica,https://www.vozdeamerica.com/a/bolivia-se-abre-a-ayuda-internacional-para-apagar-incendio-y-suspende-campana-por-reeleccion/5056329.html,2346,452,15,12
2019,urgente,https://www.urgente.bo/noticia/la-mujer-m%C3%A1s-longeva-de-bolivia-recibe-vivienda-social-en-sacaba,1302,296,13,8
2019,opinion,https://www.opinion.com.bo/articulo/el-pais/branko-marinkovic-reaparece-dice-bolivia-convirti-oacute-ldquo-narco-rep-uacute-blica-rdquo/20190106144300637504.html,2204,471,12,9
2019,lostiempos,https://www.lostiempos.com/deportes/multideportivo/20190811/bolivia-finalmente-se-bana-oro-raquetbol-lima-2019,3161,699,30,20
2019,minsalud,https://www.minsalud.gob.bo/3628-,1499,297,11,7
2019,latercera,https://www.latercera.com/mundo/noticia/partido-politico-boliviano-dice-chile-tendria-plan-invasion-agresion-militar-territorio/748184/,2012,395,10,10
2019,france24,https://www.france24.com/es/20191006-bolivia-evo-morales-protesta-incendios,2284,473,13,10
2019,bolivia,https://www.bolivia.com/actualidad/nacionales/dos-mineros-bolivianos-fallecidos-y-uno-herido-deja-derrumbe-en-mina-de-chile-231901,1524,316,6,8
2019,bolivia,https://www.bolivia.com/actualidad/nacionales/presidente-entrega-unidad-de-hemodialisis-a-el-torno-242753,1972,404,15,12
2019,minsalud,https://www.minsalud.gob.bo/3833-ministerio-de-salud-y-expertos-descartan-emergencia-epidemiologica-la-situacion-esta-controlada-en-el-caso-de-dos-medicos,2586,494,19,11
2019,elpotosi,https://elpotosi.net/nacional/20190331_bolivia-registra-deuda-externa-de-10-187-millones-de-dolares.html,888,199,8,7
2019,eju,https://eju.tv/2019/05/se-desacelera-flujo-de-carga-boliviana-por-puerto-chileno-de-arica/,5996,1230,41,20
2019,opinion,https://www.opinion.com.bo/articulo/el-pais/ministro-niega-irregularidades-torno-constituci-oacute-n-ende-transmisi-oacute-n-argentina/20190428220000648258.html,7909,1604,52,32
2019,lostiempos,https://www.lostiempos.com/actualidad/pais/20190317/fallece-padre-del-exministro-carlos-sanchez-berzain,777,146,8,5
2020,minsalud,https://www.minsalud.gob.bo/4320-salud-proyecta-que-pico-mas-alto-de-covid-19-en-bolivia-podria-alcanzarse-en-septiembre-con-130-mil-casos,1725,336,10,7
2020,elpais,https://elpais.bo/nacional/20201101_disminuyen-a-nueve-los-incendios-forestales-activos-en-bolivia.html,1682,336,11,5
2020,lostiempos,https://www.lostiempos.com/actualidad/pais/20200517/6-meses-gobierno-gasto-bs-268-millones-96-medios-televisivos,4816,957,36,34
2020,la-razon,https://www.la-razon.com/nacional/2020/04/19/salud-afirma-que-tasa-de-letalidad-por-covid-19-en-bolivia-esta-por-debajo-de-los-paises-desarrollados/,1755,397,13,12
2020,infobae,https://www.infobae.com/america/america-latina/2020/08/09/crece-la-tension-en-bolivia-luis-camacho-exigio-al-gobierno-de-anez-que-no-se-someta-al-mas-de-evo-morales-y-levante-por-la-fuerza-de-los-criminales-bloqueos-de-rutas/,3182,616,19,13
2020,elpais,https://elpais.com/internacional/2020/02/01/america/1580593181_888608.html,2854,548,19,6
2020,elpais,https://elpais.com/internacional/2020/02/28/actualidad/1582854382_491874.html,3467,688,22,7
2020,opinion,https://www.opinion.com.bo/articulo/pais/bolivia-inaugurara-jueves-propia-fibra-optica-conexion-directa-pacifico/20200830134328784704.html,1088,235,8,8
2020,acento,https://acento.com.do/opinion/bolivia-la-sorprendente-victoria-de-luis-arce-8875141.html,5504,1135,45,20
2020,erbol,https://erbol.com.bo/nacional/obispos-de-bolivia-env%C3%ADan-mensaje-de-aliento-los-que-trabajan-en-la-cuarentena,1491,299,9,7
2020,elperiodicodelaenergia,https://elperiodicodelaenergia.com/bolivia-anuncia-el-hallazgo-de-gas-natural-y-petroleo-en-un-pozo/,1898,389,14,13
2020,reliefweb,https://reliefweb.int/report/bolivia-plurinational-state/inundaciones-ponen-en-alerta-bolivia-se-moviliza-ayuda,1553,319,12,10
2020,bbc,https://www.bbc.com/mundo/noticias-america-latina-54831871,5204,1111,38,33
2020,lanacion,https://www.lanacion.com.ar/el-mundo/coronavirus-hoy-en-bolivia-cuantos-casos-se-registran-al-3-de-mayo-nid2360976/,633,130,7,4
2020,dw,https://www.dw.com/es/arranca-en-bolivia-in%C3%A9dita-campa%C3%B1a-electoral-de-perfil-digital/a-54835516,2133,408,14,9
2020,infobae,https://www.infobae.com/america/america-latina/2020/03/15/los-cinco-cambios-que-tendra-la-eleccion-presidencial-en-bolivia-para-evitar-el-fraude/,5954,1210,40,24
2020,eju,https://eju.tv/2020/08/bolivia-en-70-dias-hubo-120-denuncias-de-estupro/,4336,962,45,15
2020,opinion,https://www.opinion.com.bo/articulo/pais/sociedad-ingenieros-reclama-pago-planillas-devengadas-asciende-bs-16-millones/20200510075525766896.html,2141,408,14,8
2020,elcomercio,https://elcomercio.pe/mundo/latinoamerica/coronavirus-en-bolivia-delia-cano-la-abogada-boliviana-que-sale-a-la-calle-a-vender-eucalipto-para-obtener-ingresos-covid-19-fotos-y-video-noticia/,2018,444,10,11
2020,univision,https://www.univision.com/noticias/america-latina/nueva-crisis-en-bolivia-por-la-decision-de-jeanine-anez-de-ser-candidata-a-las-elecciones,1234,254,8,7
2020,lostiempos,https://www.lostiempos.com/actualidad/pais/20200913/proyecto-ley-busca-declarar-que-ejercicio-profesional-medico-sea-libre,4772,946,26,24
2020,resumenlatinoamericano,https://www.resumenlatinoamericano.org/2020/12/13/bolivia-presidente-arce-viajo-a-brasil-para-una-revision-medica/,1918,406,16,12
2020,bbc,https://www.bbc.com/mundo/noticias-america-latina-51992260,3046,633,18,17
2020,lostiempos,https://www.lostiempos.com/actualidad/pais/20200802/bolivia-se-enfrenta-catastrofe-propagacion-del-coronavirus,3731,798,36,16
2020,infobae,https://www.infobae.com/america/america-latina/2020/10/04/a-dos-semanas-de-las-elecciones-en-bolivia-cobra-fuerza-un-posible-balotaje-entre-carlos-mesa-y-el-candidato-de-evo-morales/,5706,1256,34,16
2020,infobae,https://www.infobae.com/america/america-latina/2020/10/11/jorge-tuto-quiroga-retiro-su-candidatura-a-la-presidencia-de-bolivia/,3585,772,21,12
2020,dw,https://www.dw.com/es/comienzan-hist%C3%B3ricas-elecciones-presidenciales-en-bolivia/a-55316104,1404,291,10,9
2020,infobae,https://www.infobae.com/america/america-latina/2020/02/09/anuncian-nuevas-movilizaciones-en-bolivia-ante-el-temor-de-que-evo-morales-sea-habilitado-como-candidato-a-senador/,2580,516,19,11
2020,rfi,https://www.rfi.fr/es/am%C3%A9ricas/20200705-la-cidh-llama-a-bolivia-a-garantizar-derechos-humanos,1086,215,8,4
2020,vozdeamerica,https://www.vozdeamerica.com/a/coronavirus_hermana-de-evo-morales-muere-por-coronavirus-en-bolivia/6067070.html,1522,305,12,9
2020,diario,https://diario.elmundo.sv/El%20Mundo/bolivia-espera-que-tres-misiones-internacionales-vigilen-elecciones-presidenciales,1650,313,13,10
2020,erbol,https://erbol.com.bo/nacional/falleci%C3%B3-silvia-lazarte-expresidenta-de-la-asamblea-constituyente-2006-2008,1776,348,12,7
2021,abi,https://www.abi.bo/index.php/reportajes2/34-notas/noticias/gobierno/2239-Arce-recuerda-promulgaci%C3%B3n-de-la-CPE-que-plasm%C3%B3-la-diversidad-%C3%A9tnica-y-cultural-de-Bolivia,1105,212,7,5
2021,france24,https://www.france24.com/es/am%C3%A9rica-latina/20210314-bolivia-fiscalia-carcel-expresidenta-interina-jeanine-anez,3756,778,32,12
2021,france24,https://www.france24.com/es/am%C3%A9rica-latina/20210411-elecciones-bolivia-balotaje-cuatro-departamentos,5370,1098,44,25
2021,abi,https://abi.bo/index.php/deportes2/37-notas/noticias/sociedad/11377-Bolivia-registra-6.124.440-vacunas-contra-el-COVID-19-aplicadas-y-2.855.670-disponibles,1342,261,12,11
2021,eju,https://eju.tv/2021/10/bolivia-celebra-el-dia-nacional-de-la-cueca-mostrando-la-delicadeza-y-elegancia-de-esta-danza/,748,143,4,5
2021,abi,https://www.abi.bo/index.php/noticias/deportes/37-notas/noticias/sociedad/7869-Bolivia-reporta-este-domingo-922-nuevos-casos-de-COVID-19-y-1.537-recuperados,588,131,6,4
2021,latimes,https://www.latimes.com/espanol/internacional/articulo/2021-06-06/el-presidente-de-bolivia-desea-que-las-elecciones-en-peru-y-mexico-sean-pacificas,1803,370,12,12
2021,opinion,https://www.opinion.com.bo/articulo/pais/bolivia-volvera-plantear-tema-maritimo-nuevo-gobierno-chile/20211219205128847883.html,1925,392,14,9
2021,opinion,https://www.opinion.com.bo/articulo/pais/bolivia-aumenta-envios-gas-natural-argentina-temporada-invernal/20210620172544824098.html,2066,429,12,10
2021,dw,https://www.dw.com/es/seis-muertos-al-estrellarse-una-avioneta-militar-en-bolivia/a-59459248,1687,345,12,12
2021,infobae,https://www.infobae.com/america/america-latina/2021/03/07/elecciones-en-bolivia-quien-es-eva-copa-la-mujer-que-rompio-con-evo-morales-y-que-este-domingo-le-pude-quitar-su-principal-bastion/,5736,1240,32,20
2021,lostiempos,https://www.lostiempos.com/actualidad/economia/20210815/incendios-bolivia-carece-normativa-plan-efectivo-prevencion,3985,805,32,21
2021,opinion,https://www.opinion.com.bo/articulo/pais/delivery-boliviano-exporta-servicio-peru-pandemia-planea-enviar-robot-antes-2022/20210110152025803159.html,2716,560,31,9
2021,abi,https://abi.bo/index.php/economia2/3916-Gobierno-socializa-la-incorporaci%C3%B3n-de-la-Generaci%C3%B3n-Distribuida-de-Energ%C3%ADa-Alternativa-en-Bolivia,3930,732,16,14
2021,opinion,https://www.opinion.com.bo/articulo/pais/mes-pachamama-comienza-bolivia-rituales-ancestrales/20210801123000829473.html,2720,603,20,18
2021,lostiempos,https://www.lostiempos.com/deportes/multideportivo/20210214/gamer-boliviano-piensa-que-su-pais-no-destaca-esports-internet,1672,360,13,10
2021,france24,https://www.france24.com/es/am%C3%A9rica-latina/20211107-bolivia-violacion-embarazo-nina-aborto,4368,913,36,25
2021,bolivia,https://www.bolivia.com/actualidad/nacionales/entregan-sistematizacion-de-propuestas-para-reforma-de-la-ley-348-al-ministerio-de-la-presidencia-297960,1899,384,11,10
2021,lostiempos,https://www.lostiempos.com/actualidad/economia/20211205/40de-vinos-que-se-consume-bolivia-es-contrabando,3929,842,31,24
2021,abi,https://abi.bo/index.php/economia2/8179-Bolivia-prepara-exportaci%C3%B3n-de-40-toneladas-de-fruta-liofilizada-a-Europa-y-Canad%C3%A1,1596,327,10,7
2021,minedu,https://www.minedu.gob.bo/index.php?option=com_content&view=article&id=5061:acuerdo-entre-educacion-y-magisterio-urbano-garantiza-el-pago-de-bonos-items-de-nueva-creacion-y-los-reemplazos-por-maternidad&catid=182:noticias&Itemid=854,1267,247,10,6
2021,vozdeamerica,https://www.vozdeamerica.com/a/america-latina_brasilenos-se-movilizan-bolivia-en-busca-de-vacunas-del-covid/6072880.html,1075,227,7,7
2021,correodelsur,https://correodelsur.com/local/20210912/la-iglesia-de-sucre-declarada-oficialmente-primada-de-bolivia.html,985,194,5,6
2021,es,https://es.euronews.com/2021/10/31/luis-arce-y-pedro-castillo-fortalecen-las-relaciones-entre-bolivia-y-peru,1544,295,15,7
2021,abi,https://abi.bo/index.php/categoria-columnistas/6656-Mujeres-ind%C3%ADgenas-realizan-cumbre-inaugural-de-Abya-Yala-en-Bolivia,1726,331,12,10
2021,mineria,https://mineria.gob.bo/documentos/noticias.php?pvnoticia=1591&codigo=eyJzdWIiOiIxMjM0NTY3ODkwIiwibmFtZSI6IkpvaG4gRG9lIiwiaWF0IjoxNTE2MjM5MDIyfQ,1244,234,11,6
2021,dw,https://www.dw.com/es/bolivia-luis-arce-y-evo-morales-dicen-que-no-permitir%C3%A1n-otro-golpe-de-estado/a-57242496,2513,500,15,9
2021,opinion,https://www.opinion.com.bo/articulo/pais/bolivia-argentina-insisten-pruebas-envio-material-belico-personal-militar-crisis-2019/20210718180825827798.html,4094,843,18,15
2021,elcomercio,https://elcomercio.pe/mundo/latinoamerica/coronavirus-una-de-las-mayores-ciudades-de-bolivia-entra-en-confinamiento-covid-19-cochabamba-noticia/,2243,461,12,12
2021,dw,https://www.dw.com/es/bolivia-pide-ayuda-a-ecuador-en-caso-que-vincula-a-jeanine-%C3%A1%C3%B1ez/a-57870605,2940,594,18,16
2021,opinion,https://www.opinion.com.bo/articulo/pais/arce-wiphala-respeta-borra-paradita-gallo-viejo/20210926124914836422.html,1739,378,10,8
2021,latercera,https://www.latercera.com/mundo/noticia/intensas-lluvias-en-bolivia-dejan-trece-fallecidos-y-mas-de-un-millar-de-familias-damnificadas/UYOO6J5HPVCVJCKCAPIWZVXN6A/,1277,254,8,8
2022,abi,https://www.abi.bo/index.php/noticias/deportes/37-notas/noticias/sociedad/19533-relator-de-la-onu-visitara-bolivia-desde-el-martes-para-evaluar-la-justicia,1797,366,9,7
2022,abi,https://www.abi.bo/index.php/noticias/deportes/37-notas/noticias/sociedad/20110-covid-19-salud-reporta-que-se-aplicaron-12-588-095-dosis-en-bolivia,801,167,5,5
2022,opinion,https://www.opinion.com.bo/articulo/revista-asi/descubren-casarabe-civilizacion-prehispanica-oculta-amazonas-bolivia/20220604163535869164.html,3719,718,35,17
2022,la-razon,https://www.la-razon.com/economia/2022/05/29/richter-bolivia-es-uno-de-los-cinco-paises-con-inflacion-mas-baja-en-el-mundo/,2161,456,9,9
2022,dw,https://www.dw.com/es/bolivia-anuncia-hallazgo-de-nueva-reserva-de-gas-natural/a-60675990,1566,321,17,9
2022,lostiempos,https://www.lostiempos.com/actualidad/pais/20220925/bolivia-se-presto-us-2253-mm-18-leyes-gestion-luis-arce,4376,939,37,24
2022,dw,https://www.dw.com/es/bolivia-ordena-c%C3%A1rcel-a-polic%C3%ADas-antidroga-por-desaparici%C3%B3n-de-coca%C3%ADna/a-61571598,1303,254,10,6
2022,abi,https://www.abi.bo/index.php/noticias/gobierno/20607-ministra-de-la-presidencia-nunca-se-proceso-a-jueces-corruptos-comision-logro-hacerlo-por-primera-vez-en-la-historia-de-bolivia,1748,369,9,9
2022,economiayfinanzas,https://www.economiayfinanzas.gob.bo/node/8732,2609,567,12,12
2022,opinion,https://www.opinion.com.bo/articulo/pais/mujeres-politica-son-capaces-son-merecedoras/20220122132748852294.html,6846,1311,57,36
2022,la-razon,https://www.la-razon.com/energias-negocios/2022/06/12/bolivia-apunta-al-mercado-del-litio/,4456,929,47,14
2022,clarin,https://www.clarin.com/mundo/bolivia-murieron-once-personas-caida-micro-barranco_0_CCYWumtq3Y.html,2150,443,23,13
2022,opinion,https://www.opinion.com.bo/articulo/pais/bolivia-pasa-11-censos-poblacion-vivienda-191-anos/20220318215554859403.html,7279,1492,63,40
2022,abi,https://abi.bo/index.php/gobierno2/25352-bolivia-y-chile-acuerdan-hacer-mas-agil-el-libre-transito-y-fortalecer-el-comercio-por-arica,1887,376,12,9
2022,reduno,https://www.reduno.com.bo/noticias/accidente-aereo-en-uyuni-deja-cuatro-heridos--20221912198,805,160,7,7
2022,ceb,https://ceb.bo/2022/07/iglesia-manifiesta-preocupacion-por-la-contaminacion-explotacion-y-desigualdad-en-bolivia-y-pide-se-regale-confianza-trabajo-y-compasion/,7406,1606,50,24
2022,mhe,https://www.mhe.gob.bo/2022/03/06/gobierno-inaugura-el-primer-centro-de-medicina-nuclear-y-radioterapia-en-el-alto-para-fortalecer-lucha-contra-el-cancer%EF%BF%BC/,3082,585,18,11
2022,chile,https://www.chile.gob.cl/santa-cruz-de-la-sierra/noticias/primera-reunion-del-consejo-empresarial-chile-bolivia-se-celebro-en,1215,243,7,5
2022,lostiempos,https://www.lostiempos.com/actualidad/pais/20220717/bolivia-pierde-mas-us-700-millones-al-menos-12-arbitrajes-nacionalizaciones,1463,267,22,19
2022,lavozdetarija,https://lavozdetarija.com/2022/04/17/bolivia-se-ubica-como-segundo-productor-mundial-de-chia-y-busca-ampliar-su-mercado-en-china/,1498,298,9,9
2022,lostiempos,https://www.lostiempos.com/actualidad/pais/20221211/bolivia-3-ninas-adolescentes-se-casan-obligadas-antes-15-anos,3958,864,29,18
2022,opinion,https://www.opinion.com.bo/articulo/pais/violencia-sexual-bolivia-registra-4-embarazos-adolescentes-cada-hora/20220326201516860486.html,1297,286,10,7
2022,la-razon,https://www.la-razon.com/economia/2022/05/08/bolivia-registra-el-precio-mas-alto-de-exportacion-de-litio/,2756,625,23,14
2022,la-razon,https://www.la-razon.com/economia/2022/02/20/el-celag-plantea-proyectos-entre-bolivia-mexico-y-argentina-para-el-litio/,2954,570,16,14
2022,abi,https://www.abi.bo/index.php/noticias/deportes/37-notas/noticias/sociedad/20844-bolivia-y-argentina-acuerdan-mejorar-conectividad-aerea,729,136,4,4
2022,reduno,https://www.reduno.com.bo/noticias/se-registraron-enfrentamientos-en-san-carlos-y-portachuelo-20221030225655,1613,324,11,9
2022,dw,https://www.dw.com/es/bolivia-incendios-forestales-han-alcanzado-casi-300000-hect%C3%A1reas/a-62953334,1349,269,11,6
2022,erbol,https://erbol.com.bo/gente/monse%C3%B1or-braulio-s%C3%A1ez-garc%C3%ADa-celebra-35-a%C3%B1os-al-servicio-pastoral-en-bolivia,1508,346,6,6
2022,la-razon,https://www.la-razon.com/sociedad/2022/10/16/historico-bolivia-es-cuarto-en-el-torneo-de-robotica-mas-importante-del-mundo/,1233,271,12,10
2022,economy,https://www.economy.com.bo/articulo/agropecuaria/empresa-boliviana-alimentos-invierte-bs-27-millones-reactiva-sector-apicola-bolivia/20220116221058004217.html,955,185,9,7
2022,efe,https://efe.com/mundo/2022-12-04/el-gobierno-informa-que-son-mas-de-80-municipios-bolivianos-afectados-por-sequia/,1742,378,9,9
2022,abi,https://abi.bo/index.php/polititca2/29602-comites-civicos-rechazan-a-camacho-en-su-pretension-de-parar-bolivia,3069,590,18,12
2023,la-razon,https://www.la-razon.com/economia/2023/02/12/bolivia-analiza-lanzar-bonos-por-us-1-000-millones/,1934,416,18,8
2023,la-razon,https://www.la-razon.com/financiero/2023/07/23/bolivia-eleva-su-cuantificacion-de-litio-a-23-mm-de-toneladas/,2040,420,12,10
2023,lostiempos,https://www.lostiempos.com/actualidad/economia/20230813/bolivia-consumo-gas-sube-10-alertan-escasez-futuro-caida-produccion,2224,454,15,12
2023,opinion,https://www.opinion.com.bo/articulo/revista-asi/cooperativas-mineras-bolivia-toman-polemica-decision-sustituir-mercurio-cianuro/20231112000041927043.html,10191,2120,76,34
2023,urgente,https://www.urgente.bo/noticia/suben-precios-de-algunas-verduras-por-efecto-de-la-sequ%C3%ADa-en-bolivia,1316,294,11,6
2023,dw,https://www.dw.com/es/c%C3%A1mara-de-diputados-de-bolivia-aprueba-pol%C3%A9mica-ley-del-oro/a-65409534,2319,494,14,11
2023,dw,https://www.dw.com/es/fallece-el-militar-que-captur%C3%B3-al-guerrillero-comunista-che-guevara-en-bolivia/a-65543898,983,212,12,7
2023,minsalud,https://www.minsalud.gob.bo/4870-bolivia-evaluara-los-habitos-alimentarios-de-la-poblacion-tras-el-impacto-de-la-covid-19,1023,210,13,5
2023,infobae,https://www.infobae.com/peru/2023/01/22/congresista-ernesto-bustamante-pide-que-el-ejercito-peruano-invada-bolivia-para-apropiarse-de-sus-recursos-naturales/,3217,638,24,17
2023,la-razon,https://www.la-razon.com/energias-negocios/2023/10/22/las-compras-digitales-crecen-en-bolivia/#,3431,726,27,12
2023,infobae,https://www.infobae.com/america/america-latina/2023/05/28/sospechosa-muerte-en-bolivia-el-interventor-de-uno-de-los-mayores-bancos-del-pais-cayo-de-un-piso-15/,2805,596,20,15
2023,lostiempos,https://www.lostiempos.com/actualidad/seguridad/20230709/santa-cruz-lidera-incautaciones-droga-bolivia-informe-felcn,2032,406,15,11
2023,la-razon,https://www.la-razon.com/nacional/2023/11/05/bolivia-aun-tiene-pendientes-10-arbitrajes-internacionales-por-us-1-000-millones-en-litigio/,3455,711,31,18
2023,france24,https://www.france24.com/es/am%C3%A9rica-latina/20231224-bolivia-supremo-ratifica-condena-de-10-a%C3%B1os-a-la-expresidenta-interina-jeanine-%C3%A1%C3%B1ez,2525,510,23,13
2023,la-razon,https://www.la-razon.com/economia/2023/12/17/balanza-comercial-a-octubre-bolivia-registra-un-deficit-de-us-177-millones/,2305,470,17,10
2023,cancilleria,https://cancilleria.gob.bo/mre/2023/03/26/3118/,1055,190,6,5
2023,opinion,https://www.opinion.com.bo/articulo/pais/joe-biden-acusa-bolivia-incumplir-lucha-narcotrafico/20230916212313921017.html,1502,287,8,9
2023,la-razon,https://www.la-razon.com/sociedad/2023/07/30/bolivia-pone-fin-a-la-emergencia-sanitaria-por-el-covid-19/,1925,451,13,12
2023,ahoraelpueblo,https://ahoraelpueblo.bo/index.php/nacional/politica/bolivia-hoy-respeta-el-estado-de-derecho-en-contraste-con-el-regimen-de-facto-de-anez,2230,454,12,10
2023,minsalud,https://minsalud.gob.bo/7326-santa-cruz-mas-de-5-000-personas-entre-profesionales-en-salud-y-ffaa-recorren-barrios-en-escudo-de-lucha-contra-el-dengue,2335,466,8,9
2023,infobae,https://www.infobae.com/america/america-latina/2023/06/11/crece-la-tension-en-bolivia-tras-el-escandalo-narco-evo-morales-acuso-al-gobierno-de-luis-arce-de-tener-un-plan-para-destrozarlo/,3002,612,21,14
2023,dw,https://www.dw.com/es/bolivia-da-golpe-m%C3%A1s-grande-de-su-historia-al-narcotr%C3%A1fico/a-65688254,1664,331,11,8
2023,infobae,https://www.infobae.com/america/america-latina/2023/04/09/evo-morales-volvio-a-proponer-la-creacion-de-milicias-armadas-en-bolivia/,3668,740,33,19
2023,infobae,https://www.infobae.com/peru/2023/02/05/luciana-campero-advierte-plan-politico-de-evo-morales-en-peru-es-su-proyecto-el-mismo-que-se-tuvo-en-bolivia-en-2019/,7038,1462,67,36
2023,mhe,https://www.mhe.gob.bo/2023/12/10/alza-del-etanol-es-inviable-porque-afecta-costos-de-ypfb-y-la-economia-de-los-bolivianos/,1527,317,9,6
2023,minsalud,https://www.minsalud.gob.bo/7683-salud-inicia-medidas-de-contencion-ante-sospecha-de-caso-de-rabia-humana-en-municipio-de-viacha,2041,449,11,8
2023,lostiempos,https://www.lostiempos.com/actualidad/economia/20230305/fracasos-cuestionan-inversiones-litio-que-sumaran-us-2000-millones,4309,910,36,22
2023,france24,https://www.france24.com/es/programas/econom%C3%ADa/20230430-por-qu%C3%A9-bolivia-el-milagro-econ%C3%B3mico-se-queda-sin-d%C3%B3lares,3999,818,27,16
2023,abi,https://abi.bo/index.php/economia2/37904-bolivia-cumple-en-mas-del-90-las-normas-aeronauticas-su-categoria-1-no-esta-en-riesgo,2461,509,14,11
2023,dw,https://www.dw.com/es/juez-ordena-detener-miner%C3%ADa-ilegal-en-la-amazon%C3%ADa-boliviana/a-66768129,1760,365,11,10
2023,efe,https://efe.com/cultura/2023-02-19/bolivia-vive-la-alegria-el-brillo-y-la-devocion-del-carnaval-de-oruro/,2870,602,18,17
2023,dw,https://www.dw.com/es/bomberos-de-francia-ayudan-a-bolivia-a-combatir-incendios-forestales/a-67554455,1560,317,12,9
